id,title,channel_name,impressions,age_0_9,age_10s,age_20s,age_30s,age_40s,age_50_plus,gender_male,gender_female,reason
q_RALtCWwyU,ì—¬ìë¥¼ ì˜ ë§Œë‚˜ë©´ íŠ¸ëŸ­ì»¤ë„ íŒ”ì í¸ë‹¤,ê¶Œë§ˆí‚¤,141.0,0.0,0.0,0.15,0.5,0.3,0.05,0.9,0.1,"The content is focused on trucking, a typically male-dominated industry, hence a higher male viewership is expected. Additionally, the content targets working adults, likely in their 30s and 40s, with insights into professional trucking life and logistics."
s1gNIUTBlSA,ë‚´ ë‚˜ì´ 36 'ì§„ê²©ì˜ê±°ì¸'ì— ë¯¸ì¹˜ë‹¤â€¦,ê°ìŠ¤íŠ¸GAMST,178.0,0.0,0.1,0.5,0.35,0.05,0.0,0.85,0.15,"The channel 'GAMST' is known for gaming and entertainment content, attracting a predominantly male audience. The topic of 'Attack on Titan' appeals mainly to young adults and fans in their 20s and 30s, with a strong male skew due to its action-oriented narrative."
2iWnJHtLTDw,ì´ê²Œ ìœ í–‰ì´ë¼ê³ ? ë„ëŒ€ì²´ ì™œ..??,ê°ìŠ¤íŠ¸GAMST,834.0,0.05,0.5,0.4,0.05,0.0,0.0,0.9,0.1,"The channel 'ê°ìŠ¤íŠ¸GAMST' is known for gaming and entertainment content, which typically attracts a younger male audience. The video script and title suggest a humorous take on a trend, likely appealing to teenagers and young adults."
zU7LGJ5MGAo,í•œêµ­ì— ìƒê¸´ ì¶”ì„±í›ˆ ìŠ¤í…Œì´í¬ ë¨¹ì–´ë³¸ ì¶”ì„±í›ˆ ê¹€ë™í˜„ ë°˜ì‘,ë§¤ë¯¸í‚´,180.0,0.0,0.1,0.4,0.3,0.15,0.05,0.9,0.1,"The content features martial arts personalities discussing training and competitions, which typically appeals to a male audience interested in sports and fighting. The age distribution reflects interest from young adults to middle-aged viewers, with a focus on those in their 20s and 30s."
-wgchSHhAXY,10á„†á…¡á†« á„‹á…¯á†«á„‹á…³á„…á…© á„‘á…µá†¨á„‰á…µ ìì „ê±°ë¥¼ ì‚´ ìˆ˜ ìˆì„ê¹Œ?,0.1í†µ ë¼ì´ë”,135.0,0.0,0.1,0.2,0.4,0.2,0.1,0.9,0.1,"The video is about purchasing a fixie bike, which is typically of more interest to a male audience interested in cycling and technical hobbies. The focus on budget and deal-hunting may attract viewers in their 30s and 40s who are managing family budgets."
qxGiYdGdc3o,â­ì„¤ë‚  ê¸°ë…â­ ì§ìŠ¹ì¹œêµ¬ë“¤ ëª°ì•„ë³´ê¸° ( + ì¿ í‚¤ ì˜ìƒ),ì§¤íˆ°,102.0,0.1,0.2,0.4,0.2,0.1,0.0,0.9,0.1,"The channel 'ì§¤íˆ°' is known for comedic and animated content often appealing to a younger male audience. The script features humorous and chaotic interactions, which aligns with the interests of teenage and 20s males who enjoy humor and gaming culture."
LRlSwTLd36Y,í•´ë§ˆë‹¤ í…ƒë°­ì—ì„œ ë°œê²¬ë˜ëŠ” ìˆ˜ì‹­ë§ˆë¦¬ ë±€ë“¤ ì´ì œ ì‹¹ ì¡ì•„ë“œë¦½ë‹ˆë‹¤,ì½”íŒŒ,380.0,0.0,0.05,0.1,0.3,0.35,0.2,0.9,0.1,"The content is about snake hunting and wildlife, which generally attracts a male audience. The channel name 'ì½”íŒŒ' and the script suggest an older audience interested in outdoor activities and wildlife management."
KMxCYNakusA,ê·¸ë™ì•ˆ ê°ì‚¬í–ˆìŠµë‹ˆë‹¤.. ìŠˆë»˜ë§¨ì€ ì´ì œ ì—¬ê¸°ê¹Œì§€.. ë•…ì— ë¬»íˆë‹¤..,ìŠˆë»˜ë§¨ [ìŠˆí¼ ë»˜ì§“ ë„ì „ê¸°],218.0,0.05,0.6,0.3,0.03,0.01,0.01,0.9,0.1,"The channel 'ìŠˆë»˜ë§¨' is known for its comedic challenges and skits, appealing mainly to teenagers and young adults. The content, style, and humor are more aligned with a younger, male audience, typical for entertainment content with playful banter and jokes."
bToRj-GBMj8,ìê¸° ì „ì— ë“¤ìœ¼ë©´ ì €ì ˆë¡œ ì§€ì‹ì´ ìŒ“ì´ëŠ” ì—­ì‚¬ ì´ì•¼ê¸°ë“¤ (ì—­ì‚¬ ASMR ëª°ì•„ë³´ê¸°) [EP.67~72],ë³´ë‹¤ BODA,234.0,0.0,0.05,0.35,0.4,0.15,0.05,0.8,0.2,"The content focuses on history, a topic that typically attracts more male viewers. The age distribution suggests that older audiences, such as 30s and 40s, are likely interested in the educational, detailed nature of historical ASMR content."
O1uMt06eOmk,ì•…ëª…ë†’ì€ ì˜êµ­ìŒì‹ ìœ ë‘ê¸° - ì˜êµ­(1),ê³½íŠœë¸Œ,1346.0,0.0,0.15,0.65,0.15,0.05,0.0,0.85,0.15,"The channel 'ê³½íŠœë¸Œ' is a well-known Korean travel and lifestyle channel that appeals mainly to young adults, especially those interested in travel and sports. The video content focuses on a football-related travel experience, likely attracting a predominantly male audience, particularly in their 20s."
fVLurFtqlH8,íŠ¸ëŸ­ ìœ„ í˜¼ìë§Œì˜ ì¹˜í‚¨ íŒŒí‹°? 1í‰ ì¸ìƒ ìµœê³ ì˜ ê²Œì„ë°©,ì²­ì¶˜ë§Œë¬¼íŠ¸ëŸ­,124.0,0.05,0.25,0.4,0.2,0.05,0.05,0.85,0.15,"The channel content is focused on DIY and tech-related activities, such as building a high-performance PC and expressing a fondness for gaming. These topics generally attract a younger male audience, especially those in their 10s and 20s. The DIY aspect and the unique truck setup may also appeal to some older viewers."
TBou58r16MU,(ì‹¤í™”) ì¼ë³¸ì—¬í–‰ ì¤‘ ì¼ë³¸ ì¼ì§„ë“¤ ë•Œë¬¸ì— ê²½ì°° ë¶€ë¥¸ ë ˆì „ë“œ ì°¸êµìœ¡ ì° ã…‹ã…‹ã…‹ /ì˜ìƒíˆ°/ì°íˆ°/ì‚¬ì´ë‹¤íˆ°/,ì°í‘¸ëŠ” ê·¸ë¦¼ìŸì´íˆ°,230.0,0.0,0.1,0.6,0.2,0.1,0.0,0.9,0.1,"The channel 'ì°í‘¸ëŠ” ê·¸ë¦¼ìŸì´íˆ°' suggests storytelling content which is popular among younger audiences. The script focuses on anime and personal travel experiences, appealing particularly to 20s, and the use of humor and 'ì¼ì§„' scenarios suggests a male-dominated audience."
pcps4Re2AWY,êµ‰ì¥íˆ ë“œë¼ë§ˆí‹±í•œ ì´ì•¼ê¸°ì…ë‹ˆë‹¤.,smile4uprakash,153.0,0.0,0.0,0.7,0.2,0.1,0.0,0.8,0.2,"The script content is about an adult romantic story which involves mature themes, making it more appealing to adult audiences, particularly in their 20s and 30s. The male fantasy elements and the storytelling style suggest a strong male audience preference."
NLusWDqdXnI,ë‚˜ë¥¼ ë‹®ì€ AIì™€ ë§ì‹¸ì›€ì„ í•´ë´¤ìŠµë‹ˆë‹¤! #ì •ì˜ì§„ #ìµœìš± #AI,ì›ƒë‹¤ê°€!,122.0,0.0,0.2,0.4,0.2,0.1,0.1,0.8,0.2,"The video involves AI discussions and humor related to tech, which typically attracts a male audience. The humorous and tech-focused content is likely to engage viewers mainly in their 20s and 30s."
azHhTrCS8kA,2000ë§Œì› ì§œë¦¬ í”½ì‹œ ìì „ê±°ë¥¼ íƒ€ëŠ” ê³ ë“±í•™ìƒì˜ ì •ì²´,0.1í†µ ë¼ì´ë”,106.0,0.0,0.7,0.25,0.05,0.0,0.0,0.85,0.15,"The channel focuses on expensive bicycles and a high school student's experience, appealing primarily to teenagers interested in niche hobbies. The content's technical and performance aspects attract a predominantly male audience."
3OFj6l2tQ9s,World's Most Dangerous Trap!,MrBeast,139.0,0.05,0.25,0.4,0.2,0.07,0.03,0.85,0.15,"MrBeast's content is known for its adventurous and often dangerous challenges, appealing particularly to a younger male audience interested in high-stakes entertainment. The game-like and competitive nature of the video attracts teenagers and young adults, making them predominant viewers."
-p48TC9OBlI,"[FULL] âš¾ì•¼êµ¬ë¥¼ ì‚¬ë‘í•˜ì§€ ì•Šì„ ìˆ˜ ì—†ì–´!ğŸ˜ ì•¼êµ¬ íŠ¹ì§‘ â€˜ê°€ì ìš°ìŠ¹ìœ¼ë¡œâ€™ ìŠ¤í˜ì…œ DJ ì°¨íƒœí˜„, ì´íƒê·¼, ì •ê·¼ìš°, í™ê²½ë¯¼, ìš°ë”” ë³´ëŠ” ë¼ë””ì˜¤ | ë‘ì‹œíƒˆì¶œ ì»¬íˆ¬ì‡¼ | 250421",SBS Radio ì—ë¼ì˜¤,235.0,0.0,0.1,0.3,0.35,0.2,0.05,0.85,0.15,"The video is about a baseball special broadcast on SBS Radio, featuring well-known sports personalities. This suggests a predominantly male audience, with a focus on sports enthusiasts typically aged 20 to 40."
lXYBBC_uY-g,[ì‹ ë³‘] ì „ì—­,ì¥ì‚ì­ˆ,109.0,0.0,0.05,0.5,0.35,0.1,0.0,0.9,0.1,"The channel 'ì¥ì‚ì­ˆ' is known for military-related humor, appealing primarily to men familiar with Korean military culture. The comedic tone and military themes attract a predominantly male audience, mainly in their 20s and 30s who have recently completed or are familiar with military service."
ZIuB18tfwBY,ì§„ê²©ì˜ ê±°ì¸ 2ë¶„ ìš”ì•½,ì†Œë§¥ê±°í•€,190.0,0.05,0.15,0.6,0.15,0.03,0.02,0.8,0.2,"The video is a 2-minute summary of 'Attack on Titan', a popular anime series. Anime content, especially summaries, tends to attract a younger and predominantly male audience, particularly those in their 20s."
VwsUboEsJmA,"ìê³  ì¼ì–´ë‚¬ëŠ”ë°, ë‚˜ë§Œ ë ˆë²¨ì—…ì´ ê°€ëŠ¥í•œ ì„¸ìƒì´ë¼ê³ ..?ğŸ”¥ëˆ„ì  ì¡°íšŒìˆ˜ë§Œ 143ì–µğŸ”¥ ì§„ì§œ ì›ì‘ì´ ë„ˆë¬´ ì¬ë°Œì–´ì„œ ì• ë‹ˆë©”ì´ì…˜ê¹Œì§€ ì œì‘í•œ ë ˆì „ë“œ ì‘í’ˆ",ì‘ì€ ì˜í™”ê´€,111.0,0.01,0.4,0.45,0.1,0.03,0.01,0.9,0.1,"The content revolves around a popular action-fantasy narrative, appealing mostly to younger audiences, especially teens and those in their 20s. The gaming and anime-like theme is likely to attract predominantly male viewers."
CkUivzFNXVc,50ëŒ€ í•œêµ­ ì¤‘ë…„! ëª½ê³¨ ë¯¸ë…€ ì„¸ìë§¤ë¥¼ ê³¨ê³ ë£¨ ì„ì‹ ì‹œì¼œì£¼ë‹¤! ëª½ê³¨ ìœ ëª©ë¯¼ ë¶€ì¡±ì„ ë„ì™€ì¤€ ê·¸ì˜ ì¶©ê²©ì ì¸ ì‚¬ê±´,ì¸ìƒì§€í˜œì˜ í˜¸ìˆ˜,738.0,0.0,0.0,0.1,0.1,0.2,0.6,0.9,0.1,"The video content is centered on a 50-year-old man's travel and unique experiences, appealing mostly to an older male audience. The channel name and script hint at life wisdom, likely attracting viewers interested in adventurous and extraordinary stories, particularly 50+ men."
JvZuFM9umN0,ì€í‡´ í›„ ì¡°ìš©íˆ ìˆ¨ì–´ì‚´ë˜ ì „ì§ ğŸ”¥ì•ˆê¸°ë¶€ ìš”ì›ğŸ”¥ì„ ê±´ë“œë ¤ë²„ë¦° ì¼ë‹¹ì˜ ìµœí›„ ã€Šë¬´ë¹™ã€‹ê²°ë§ê¹Œì§€ í•œ ë°©ì— ëª°ì•„ë³´ê¸°,ê³µì‘ì™•TV,190.0,0.05,0.2,0.4,0.2,0.1,0.05,0.8,0.2,"This video's theme revolves around espionage and action, which typically attracts a male audience, especially those interested in thrillers and action dramas. The age distribution skews towards 20s and 30s, given the complexity and intensity of the content, appealing to young adults and middle-aged viewers."
lPQdMql2ebc,ê¸‰ì‹ì™• ìƒˆ ë ˆìŠ¬ëŸ¬ ì•…ëª½ì˜ ì§€ë°°ì ì„œíë²„ìŠ¤ ë“±ì¥!! (ft.ì ë“¤ë©´ ì£½ëŠ”ë‹¤),ê¸‰ì‹ì™•,213.0,0.2,0.5,0.25,0.05,0.0,0.0,0.8,0.2,"The channel 'ê¸‰ì‹ì™•' is known for producing comedic and school-themed content, which is popular among teenagers. The skit-based script suggests a humorous, light-hearted tone appealing to younger audiences. The wrestling theme and fantasy elements like 'succubus' attract a predominantly male audience."
2IRc1Jt_ITE,ğŸ’¥ë¯¿ê³  ë³´ëŠ” ë´ì ¤ ì–¸ì œ ë´ë„ ì–´ë–¤ ì—­ì„ í•´ë„ ì—°ê¸°ì˜ ì‹ ì´ë¼ ëŠê»´ì§„ë‹¤  [ê²°ë§ í¬í•¨],ë¬´ë¹„ë“œ : Movie & Drama,688.0,0.0,0.05,0.4,0.35,0.15,0.05,0.8,0.2,"The content is a movie and drama analysis, which typically attracts more male viewers interested in action and crime genres. The channel's focus on analysis suggests a mature audience, likely in their 20s and 30s."
_Es9ORAjLU0,ê°•ë¬¸ê²½(ã‚«ãƒ³ãƒ ãƒ³ã‚®ãƒ§ãƒ³) - ë‚¨ìëŠ” ë§í•©ë‹ˆë‹¤(ç”·ã¯è¨€ã„ã¾ã™)ï½œí•œì¼í†±í…ì‡¼ 44íšŒ,MBN MUSIC,128.0,0.0,0.05,0.25,0.3,0.2,0.2,0.9,0.1,The content is music with a nostalgic feel often appreciated by older adults. The channel MBN MUSIC typically targets older male audiences with traditional and classic music content.
ZuYF8aHqzQE,ì‚´ìƒ‰ ì•„ì¡°ì”¨ì˜ ì˜¨ì²œ ëŒ€ì†Œë™(ft. ê·œìŠˆ ì´ˆí˜¸í™” í˜¸í…”),ì¶”ì„±í›ˆ ChooSungHoon,166.0,0.0,0.05,0.25,0.4,0.2,0.1,0.85,0.15,"The channel ChooSungHoon is centered around lifestyle and travel content, likely appealing to adults interested in leisure and luxury experiences, skewing towards males. The script's emphasis on relaxation and luxury travel suggests a 30-40s demographic with disposable income, noting the specific interest in Japanese onsens and high-end hotels."
QEJpqMR2vQE,ì—¬ê¸° ì–´ë•Œ,íƒœê³„ì¼ì£¼ ë² ì´ìŠ¤ìº í”„,336.0,0.0,0.05,0.25,0.4,0.2,0.1,0.8,0.2,"The channel 'íƒœê³„ì¼ì£¼ ë² ì´ìŠ¤ìº í”„' is known for travel and adventure content, which typically attracts a male audience. The script suggests a focus on mature and experienced travelers, likely appealing to viewers in their 30s and 40s."
fQSV7tREZIM,ì œì‘ë¹„ 1300ì–µ!? ì–‘ì¹˜ê¸°ë¼ê³  ê°œë¬´ì‹œ ë°›ë˜ ì†Œë…„ì´ ì§±ëŒ í•˜ë‚˜ë¡œ 2m97cmì˜ ê±°ì¸ì„ ë•Œë ¤ì¡ëŠ” ì²œì¬ì ì¸ ë°©ë²• ê²°ë§ê¹Œì§€ ëª°ì•„ë³´ê¸°!!,ì–´ë°”ì›ƒíƒ€ì„ (About time),196.0,0.0,0.1,0.4,0.3,0.15,0.05,0.8,0.2,"The content seems to focus on a historical or mythological story, likely appealing to an older audience interested in such narratives. The mention of a giant and a brave boy might attract a male audience, especially those interested in historical or fantasy themes."
uTC1d8H1OmY,[í‰í‰í‰ ì‚¬í›„ë¥´] ì„œì—´ ì •ë¦¬,ì§€ì‹ë¼ì§€,176.0,0.05,0.6,0.3,0.05,0.0,0.0,0.9,0.1,"The content revolves around fictional battles and character rankings, appealing to a younger male audience interested in gaming and fantastical storytelling. The channel's focus on such imaginative and action-packed topics is likely to attract predominantly teenage and young adult males."
YPa1B7AJ_zI,ìƒìœ„ 1% ê³ ìˆ˜ë“¤ë§Œ ì•ˆë‹¤ëŠ” ì±—GPTì˜ ìˆ¨ì€ ê¸°ëŠ¥ '3ê°€ì§€'ã…£ì§€ì‹ì¸ì´ˆëŒ€ì„ EP.36 (ê¹€ë•ì§„ êµìˆ˜ 1ë¶€),ì§€ì‹ì¸ì‚¬ì´ë“œ,403.0,0.0,0.1,0.4,0.3,0.15,0.05,0.8,0.2,"The content discusses AI technology and ChatGPT, which generally appeals to a tech-savvy audience, often skewing male and in the 20-40 age range. The discussion on using AI in professional settings suggests a professional audience more likely to be in their 30s."
SIOA3hJL9CU,24ì‹œê°„ ë™ì•ˆ ì²´ì¤‘ ì¦ê°€ vs ì²´ì¤‘ ê°ì†Œ!! ì‚´ ì°Œìš°ê¸°ê°€ ì‰¬ìš¸ê¹Œ ì‚´ ë¹¼ê¸°ê°€ ì‰¬ìš¸ê¹Œ?!,íŒŒë¿Œë¦¬,121.0,0.0,0.1,0.7,0.15,0.05,0.0,0.8,0.2,"The channel 'íŒŒë¿Œë¦¬' is known for fun and challenge content, appealing primarily to young adults. The competitive nature involving weight challenges tends to attract a predominantly male audience, particularly those in their 20s."
7qxqM1baZSs,"[ë‚¨ì²œë™ç”Ÿë¼ì´ë¸Œ!] ì–¼ì‘¤â™ª ê¹€ë¬¸ìˆ˜ ëª…ì¸ì˜ ê°œ, ì•„ë¦¬~ë‘~â™¬ ë©~ê¸° ë•ì‘¤! ë©ë”ëŸ¬ëŸ¬ëŸ¬ëŸ¬ëŸ¬~",ì‚¬ì¥ë‚¨ì²œë™,840.0,0.0,0.0,0.1,0.3,0.4,0.2,0.8,0.2,"The content appears to focus on political discussions, likely attracting an older audience, primarily in their 30s to 50s. Given the complex political nature, it seems to attract more male viewers."
nwGkDLGJ1xo,í•™í­ì‚¬ê±´ì˜ ì§„ì‹¤ì„ ì°¾ê³  í•™êµ íƒˆì¶œí•˜ê¸°!!!,í”í•œë‚¨ë§¤,558.0,0.1,0.5,0.3,0.1,0.0,0.0,0.8,0.2,"This analysis is based on the channel name 'í”í•œë‚¨ë§¤', which is known for gaming content that typically attracts a younger male audience. The script indicates a gaming theme with school-related topics, likely appealing to teens and young adults."
j5IPn-Eso4o,ì„¸ê³„ì—¬í–‰ì„ ìœ„í•œ ì¸ìƒ ì²« ì°¨ ì¶œê³  (íƒ€ìŠ¤ë§Œ) - í•œêµ­,ë…¸ë§ˆë“œì…˜ No mad Shaun,512.0,0.0,0.05,0.7,0.15,0.1,0.0,0.8,0.2,"The video is about purchasing a new truck for world travel, which appeals more to male viewers interested in cars and adventure. The content and lifestyle depicted are more attractive to young adults, particularly those in their 20s who are adventurous and interested in travel."
hziY4RSmFK8,ì¶”ì„±í›ˆ ìŠ¤í…Œì´í¬ ì´ê¸´ ì° ë ˆì–´ ë¼ì§€ ìŠ¤í…Œì´í¬(ft.ë¡œì»¬ ë§›ì§‘),ì¶”ì„±í›ˆ ChooSungHoon,246.0,0.0,0.05,0.2,0.4,0.3,0.05,0.9,0.1,"Choo Sung Hoon is a well-known martial artist and celebrity, attracting a predominantly male audience interested in sports and lifestyle. The content focuses on gourmet food and travel, appealing to a mature audience, mainly in their 30s and 40s."
4j-AN1ke-5M,[í•˜ì´ë¼ì´íŠ¸] KIAíƒ€ì´ê±°ì¦ˆ VS í‚¤ì›€íˆì–´ë¡œì¦ˆ (2025.5.5),ê¸°ì•„íƒ€ì´ê±°ì¦ˆ - ê°¸í‹°ë¹„,194.0,0.05,0.1,0.2,0.3,0.3,0.05,0.85,0.15,"The video is about a professional baseball game between two popular teams, which generally attracts a male-dominated audience. The age distribution is likely skewed towards 30s and 40s considering fans who grew up with these teams."
dugM9jW5aSE,ìˆ  ë¨¹ê³  ì¹œêµ¬ë“¤ ì•ì—ì„œ ë˜¥ ì‹¼ ëŒ€í•™êµ ì‹ ì…ìƒã„·ã„·,ì£¼ë‘¥ì´ë°©ì†¡,152.0,0.0,0.7,0.3,0.0,0.0,0.0,0.9,0.1,"The script and title suggest a humorous and somewhat immature content targeted at a younger audience, likely teenagers. The content is about college life and pranks, which is more appealing to male viewers."
zCYCUdbBTYw,ì‚´ìª„ì„œ ë³‘ ìƒê¸´ ì´í˜„ì„ 72ì‹œê°„ ìš´ë™ë°©ì— ê°€ë‘¬ ë†“ê³  ê°•ì œ ë‹¤ì´ì–´íŠ¸ ì‹œí‚¤ê¸° ã…‹ã…‹ã…‹ã…‹ã…‹ã…‹ã…‹,ë³´ë¬¼ì„¬,259.0,0.0,0.5,0.4,0.1,0.0,0.0,0.9,0.1,"The channel 'ë³´ë¬¼ì„¬' is known for creating comedic and entertaining content, often involving challenges and pranks, which primarily appeal to male teenagers and young adults. The content focuses on fitness challenges, appealing mainly to a male audience interested in humor and physical activities."
eKsDe08Hhgg,[ë¯¸ê³µê°œ] ê°ë…ë‹˜ê»˜ ìƒˆ ì• ì°© ì¸í˜•ì´ ìƒê²¼ìŠµë‹ˆë‹¤ (ë‘ì‚° ë² ì–´ìŠ¤ ê¹€ì¬í˜¸ ë‹®ì€ê¼´) | Studio C1,ìŠ¤íŠœë””ì˜¤ì‹œì› StudioC1,116.0,0.0,0.05,0.3,0.4,0.2,0.05,0.85,0.15,"The channel name 'StudioC1' and script imply a focus on sports, specifically baseball, which typically attracts a male audience. The content likely appeals to middle-aged fans familiar with baseball players and teams, hence the 30-40 age range focus."
4BN3LFyxaaU,"ğŸ¬[full] ì‹œì•„ë²„ì§€, ì•„ë“¤, ë©°ëŠë¦¬ ëª¨ë‘ê°€ íŠ¹ì „ì‚¬ì¸ 'íŠ¹ì „ì‚¬ ê°€ì¡±'ì˜ ì´ì•¼ê¸° | KBS ì¸ê°„ê·¹ì¥ 'ì´ë³´ë‹¤ ë” ê°•í•  ìˆœ ì—†ë‹¤' 1-5ë¶€ 040614-040618 ë°©ì†¡",esports KBS,201.0,0.0,0.05,0.35,0.25,0.2,0.15,0.8,0.2,"The content is related to military and special forces training, which typically attracts a male audience. The age distribution reflects interest from young adults to middle-aged viewers, who may relate to military family stories."
BbX5BzaIwm8,ë„·í”Œë¦­ìŠ¤ê°€ 2025ë…„ 2ì›” í•´ì™¸ì— ê³µê°œí•˜ìë§ˆì ë¶ë¯¸ 1ìœ„ ë“±ê·¹ êµ­ë‚´ì—” ë¯¸ê°œë´‰ ì´ˆëŒ€í˜• ì•¡ì…˜ ì˜í™”,ë¬´ì¶”,102.0,0.0,0.05,0.25,0.35,0.25,0.1,0.85,0.15,"The channel 'ë¬´ì¶”' focuses on action and thriller content, suggesting a male-dominated viewership. The complex storyline and action elements appeal to viewers aged 20-40, who are typically more interested in such genres."
usF8CQ0cVoI,ìº í•‘ê³¼ ë‚šì‹œê°€ í•œë²ˆì— í•´ê²°ë˜ëŠ” í™˜ìƒì˜ í¬ì¸íŠ¸!!!,ì§„ì„ê¸°ì‹œëŒ€,184.0,0.0,0.05,0.15,0.35,0.3,0.15,0.9,0.1,"The channel 'ì§„ì„ê¸°ì‹œëŒ€' focuses on camping and fishing, which is typically male-dominated content. The conversational and detailed approach suggests it appeals to adults, especially those in their 30s and 40s who enjoy these hobbies."
T1eu51VC9fk,ì˜¤ì§•ì–´ê²Œì„ ì‹œì¦Œ 0 ëª°ì•„ë³´ê¸°,í‚¤ì—ì»¤,277.0,0.0,0.7,0.3,0.0,0.0,0.0,0.9,0.1,"The content seems to be inspired by 'Squid Game,' which typically attracts younger audiences, particularly teens and young adults. The action-oriented and game-themed script suggests a skew towards a male audience."
qOs_p4KV5s4,íŠ¸ë¡¤ íƒ€ì›Œì—ì„œ ëª°ì¹´í–ˆë”ë‹ˆ ìš¸ì–´ë²„ë¦° íƒ€ì½”?! ë¹¡ì¢…ê¹Œì§€ í•´ë²„ë¦¼ ã…‹ã…‹ã…‹ã…‹,ê½¥,113.0,0.05,0.6,0.3,0.03,0.01,0.01,0.85,0.15,"The channel 'ê½¥' is not recognized as a major channel, but the content is clearly gaming-related, involving trolling and pranks, which usually appeal to a younger, predominantly male audience, particularly teens and young adults. The humor style and gaming focus further support this demographic analysis."
hF5D6CNteZ8,(2ì‹œê°„) ì¡°ì„ ê±´êµ­ë¶€í„° ì¡°ì„ ì¤‘ê¸°ê¹Œì§€ 23-32í™” ëª°ì•„ë³´ê¸° ! - ì„¤ë¯¼ì„ì˜ í•œêµ­í†µì‚¬ íŠ¹ê°• í’€ë²„ì „ 3í¸,ì„¤ë¯¼ì„ Seol Min Seok,116.0,0.0,0.05,0.2,0.25,0.3,0.2,0.8,0.2,"The channel 'Seol Min Seok' is known for delivering historical content, appealing to viewers interested in Korean history, predominantly attracting male viewers. The detailed historical lecture suggests an older audience, likely among those in their 30s to 50s, who are more likely to appreciate in-depth historical analysis."
XSrm99OrFIo,í•œë‹¬ê°„ ì•…ë ¥ ê¸¸ëŸ¬ì„œ í˜• ì† ë­‰ê°œíŠ¸ë¦¬ê¸°,ë³´ë”°,368.0,0.0,0.3,0.5,0.2,0.0,0.0,0.9,0.1,"The video is likely to attract young males interested in fitness challenges and gaming themes. The channel 'ë³´ë”°' is known for its male-centric content, focusing on gaming and strength challenges, appealing to a younger male audience."
zu9BXW5hwjM,The most embarrassing and disrespectful moments in sports history,DOSE OF INTERNET,140.0,0.0,0.15,0.5,0.25,0.1,0.0,0.85,0.15,"The channel 'DOSE OF INTERNET' typically attracts a younger audience interested in viral and entertaining content. The video focuses on sports moments, which tend to have a predominantly male audience. The chaotic and comical nature of the content appeals to 20s and 30s viewers."
1ed3MFzhy3g,[ì¡°ì„ êµ¬í•˜ê¸°2] ì¼ë³¸ì˜ ìƒëª… ê²½ì‹œì™€ ê·¸ ë°˜ëŒ€ ì¡°ì„ ,í™©í˜„í•„ í•œêµ­ì‚¬,125.0,0.0,0.05,0.1,0.3,0.3,0.25,0.8,0.2,"The channel focuses on Korean history, which typically attracts an older audience interested in culture and history. The content is analytical and critical, likely appealing more to male viewers."
KvV2yxkVvIk,ì•¼ì•Œëª» ê°ìŠ¤íŠ¸ í˜•ë‹˜ê³¼ í¬ë³´ë¹µ 200ê°œ ê¹Œë´¤ìŠµë‹ˆë‹¤. (ê°ìŠ¤íŠ¸Xë¶ˆë°©ë§¹ì´),ë¶ˆë°©ë§¹ì´TV,153.0,0.0,0.1,0.4,0.3,0.2,0.0,0.9,0.1,"The content is heavily centered around baseball, which typically attracts a predominantly male audience. The channel's casual, conversational style and focus on player discussions suggest an audience primarily in their 20s and 30s, with some interest from 40s due to the nostalgic element of veteran players."
JcNk2V0CnyY,"ì¬ëŠ¥ì´ 0ì¸ ì´Œêµ¬ì„ ì•„ì €ì”¨ëŠ” ê·¸ëƒ¥ ì‹œê³¨ ê²€ìˆ  ì‚¬ë²”ì´ì—ˆëŠ”ë°, ëŒ€ì„±í•œ ì œìë“¤ì´ ë‚˜ë¥¼ ë‚´ë²„ë ¤ë‘ì§€ ì•Šì•„ì„œ ê²€ì„±ì´ ë¼ë²„ë ¸ë‹¤",ì‘ì€ë°© ë•í›„,516.0,0.0,0.2,0.5,0.2,0.1,0.0,0.9,0.1,"The content is centered around fantasy martial arts, which typically appeals more to male audiences. Additionally, the storytelling and adventure elements are likely to attract viewers in their 20s to 30s, interested in gaming and fantasy genres."
INAoJ2yNVNk,2002ë…„ ë°ë·”ê³¡ BK LOVE ì…ë‹ˆë‹¤ ì¦ê²ê²Œ ë´ì£¼ì„¸ìš”,mc sniper,140.0,0.0,0.1,0.4,0.3,0.15,0.05,0.8,0.2,"The channel 'mc sniper' suggests a focus on music, likely appealing to those interested in rap or hip-hop. The 2002 debut song title indicates a nostalgic theme, attracting older audiences who grew up with this music, predominantly males."
_jDWUFhErpk,"ğŸ”¥â‰ªì‹ ë³‘ ì‹œì¦Œ3â‰« 5-8í™”ğŸ”¥ë–´ë‹¤..! ì¼êµ¬ê°€ ì˜ˆë¹„êµ° ë™ì› í›ˆë ¨ ì¡°êµë¡œ ê°€ì„œ, ìì‹ ì„ ì§€ë…í•˜ê²Œ ê´´ë¡­íˆë˜ ì•…ë§ˆì„ ì„ë“¤ì„ ë§Œë‚˜ë²„ë ¸ëŠ”ë°, ì§€ê°€ ì—¬ì „íˆ ì„ ì„ì¸ ì¤„ ì•„ë„¤..? ë„Œ Dì¡Œë‹¤..",ì§€ë¬´ë¹„ : G Movie,280.0,0.0,0.1,0.4,0.4,0.1,0.0,0.9,0.1,"The content is related to military life, a topic heavily associated with male viewers, particularly those who have served or are about to serve in the military. The humorous and dramatic narrative appeals mainly to a male audience in their 20s and 30s."
apbZ4HgJ5ps,80ì¼ ë§Œì— ë“œë””ì–´ ì•Œì—ì„œ íƒœì–´ë‚¬ìŠµë‹ˆë‹¤! ê·¸ëŸ°ë° í•œ ë§ˆë¦¬ëŠ” ê²°êµ­...,í—Œí„°í,201.0,0.05,0.1,0.2,0.3,0.25,0.1,0.8,0.2,"The channel 'í—Œí„°í' appears to focus on reptile care, likely appealing to hobbyists and enthusiasts, which traditionally skews male. The content also suggests an audience that is more mature, leading to a higher likelihood of viewers in their 30s and 40s."
BUrnpH97Mp4,ì´ ì˜ìƒ í•˜ë‚˜ë¡œ [ì¬ë”ë³¼ì¸ *]  ìºë¦­í„° ì™„ë²½ ì´ì •ë¦¬! (ê°œë´‰ì „ í•„ìˆ˜ ì‹œì²­ ê°•ì¡°!),ë©”ë°€ë¬µë„ë¦¬,105.0,0.0,0.2,0.5,0.2,0.1,0.0,0.85,0.15,"The content focuses on a detailed analysis of characters from the Marvel Cinematic Universe, specifically targeting fans interested in superhero movies. Such content is more likely to attract younger male audiences, particularly those in their 20s who follow the latest in pop culture and entertainment."
5NNfOHXy3yQ,"ğŸ”¥â‰ªì‹ ë³‘â‰« ì‹œì¦Œ3ğŸ”¥ë“œë””ì–´ ë–´ë‹¤..! ì¤‘ëŒ€ë¡œ ë³µê·€í•œ ì„±ìœ¤ëª¨ê°€ ""ì—°ì˜ˆì¸ í›„ì„""ê³¼ ""ê°œíê¸‰ í›„ì„"" ì‹ ë³‘ì„  ë™ì‹œì— ë§ì´í•˜ë©´ ë²Œì–´ì§€ëŠ” ì¼ ã„·ã„· â‰ªì‹ ë³‘ ì‹œì¦Œ3â‰« 1-4í™”",ì§€ë¬´ë¹„ : G Movie,1938.0,0.0,0.5,0.4,0.1,0.0,0.0,0.9,0.1,"The channel 'G Movie' is known for military-themed dramas, appealing mainly to male viewers. The content and humor style is particularly engaging for teenagers and young adults."
QuS22g7mueI,ìŠˆë»˜ë§¨ì´ ì¤‘í•™ìƒì´ ëë‹¤ê³ !? ë™ìš±ì´í˜• ì—¬ìì¹œêµ¬ëŠ”..?!,ìŠˆë»˜ë§¨ [ìŠˆí¼ ë»˜ì§“ ë„ì „ê¸°],313.0,0.05,0.7,0.2,0.05,0.0,0.0,0.8,0.2,"The channel and script strongly focus on middle school life and gaming, resonating with teenagers, especially boys. The gaming element and school setting suggest a predominantly male teenage audience."
yEMFKHrifoA,ì„ ë„˜ëŠ” í–‰ë™í•˜ê³  ëˆìœ¼ë¡œ í•´ê²°í•˜ëŠ” ê¸ˆìœµì¹˜ë£Œ ì±Œë¦°ì§€ã…‹ã…‹ã…‹ã…‹ã…‹ã…‹,ë³´ë¬¼ì„¬,588.0,0.0,0.5,0.4,0.1,0.0,0.0,0.9,0.1,"The 'Treasure Island' channel is known for its humorous and edgy content, appealing primarily to a younger male audience. The chaotic and irreverent script aligns with content that typically attracts teenagers and young adults."
oGrPaGOWakY,ì—ë Œì´ ë•…ìš¸ë¦¼ì„ ì¼ìœ¼í‚¬ ìˆ˜ë°–ì— ì—†ì—ˆë˜ ì§„ì§œ ì´ìœ  3ê°€ì§€,ì¡°ì‚­,111.0,0.0,0.1,0.5,0.3,0.1,0.0,0.85,0.15,"The video discusses themes from 'Attack on Titan', an anime that tends to appeal more to a male audience. The content's complexity and depth suggest a primarily 20s and 30s audience interested in anime and philosophical themes."
Jw54tPQFNUw,ì¸ê°„ì´ ë˜ê³  ì‹¶ì€ AI,ì¹¨ì°©ë§¨,147.0,0.001,0.1,0.6,0.25,0.039,0.01,0.9,0.1,"The channel 'ì¹¨ì°©ë§¨' is well-known for its humorous and satirical content, appealing mostly to a young adult male audience. The topic of AI and casual conversations suggests a focus on tech-interested viewers, typically males in their 20s to 30s."
m3uGtWmq6Ww,í˜„ì¬ ë¯¸êµ­ì—ì„œ ìš•ë¨¹ê³  ìˆë‹¤ëŠ” í•œêµ­ êµì´Œì¹˜í‚¨ ê°€ë´¤ìŠµë‹ˆë‹¤,ì˜ì•Œë‚¨YAN,105.0,0.0,0.05,0.6,0.3,0.05,0.0,0.8,0.2,"The channel ì˜ì•Œë‚¨YAN focuses on cultural topics, and the video discusses US perception of Korean fried chicken, appealing to male viewers interested in food, travel, and cultural differences. The content targets young adults, particularly in their 20s and 30s, who are more likely to be interested in international food trends and travel experiences."
sTgrKqVycgc,í—˜í•œ ê²ƒ íˆ¬ì„±ì¸ ì™“ì¸ ì¸ë§ˆì´ ë²„í‚¨ë°± [ë½€ë‚˜ìŠ¤ ì˜ìƒ],ì¶”ì„±í›ˆ ChooSungHoon,334.0,0.0,0.1,0.2,0.4,0.2,0.1,0.9,0.1,"The channel 'ChooSungHoon' is known for its focus on lifestyle and luxury, appealing primarily to older men interested in fashion and personal items. The content features discussions on high-end fashion and accessories, which typically attract a male audience."
jEjSas6QHUc,í•œë‹¬ì— í•œ ë²ˆì€ ê¼­ ê°€ëŠ” ì•„ì¡°ì”¨ì˜ ë°©ì•—ê°„,ì¶”ì„±í›ˆ ChooSungHoon,1503.0,0.05,0.15,0.35,0.25,0.15,0.05,0.8,0.2,"Choo Sung-hoon is known for content appealing to male audiences, focusing on lifestyle and fitness. The video's casual exploration of shopping and humor targets young adults, especially males in their 20s and 30s."
kOEzld6RygU,"ë¡¤ëª¨ë¸ì´ ì§ì¢…êµ­ì¸ ì—¬ì ì•„ì´ëŒ... (Feat. ì •ì€ì§€, ë§ˆì„ í˜¸)",ê¹€ì¢…êµ­ GYM JONG KOOK,115.0,0.0,0.2,0.5,0.2,0.1,0.0,0.8,0.2,"The channel 'ê¹€ì¢…êµ­ GYM JONG KOOK' primarily targets male audiences interested in fitness and bodybuilding. The inclusion of female idols may attract some female viewers, but the content's focus on intense workouts aligns more with a male audience."
Qs6ZkwgxjVs,ì‹¤í™”?? ë“¤ì—ˆë‹¤ ë†¨ë‹¤ë§Œ í•˜ë©´ ì¡íŒë‹¤!! ì¡±ëŒ€ì™€ ì§€ë ›ëŒ€ë§Œ ìˆìœ¼ë©´ ê°•ì›ë„ ê³ ì„±  ë³´ì–‘ì‹ìœ¼ë¡œ ìˆ ì•ˆì£¼ í•´ê²°!!,ë§ˆì´ˆTV,167.0,0.0,0.05,0.15,0.3,0.3,0.2,0.9,0.1,"The content of the video focuses on fishing and outdoor activities, which typically attract a male audience. The humor and style of the host suggest an appeal to adults, particularly in the 30-50 age range."
RwrxDNrB1m0,8í˜¸ì  ì˜¤í”ˆ 3ê°œì›” ì°¨... ì´ê±´ ì˜ˆìƒì¹˜ ëª»í•œ ë§¤ì¶œì´ë¼ ì €ë„ ë‹¹í™© ìŠ¤ëŸ½ë„¤ìš”...,ì„¸ë¶€í•„ë¦¬í•€ ì´ˆì´ ì‚¬ì¥ Owner Choi,118.0,0.0,0.05,0.3,0.45,0.15,0.05,0.8,0.2,"The channel focuses on business operations and expansion, likely attracting a more mature audience interested in entrepreneurship. The content involves business and franchise details, which typically engage male viewers more."
17CjFapx4Ss,ep01. ìì—°ì¸ ìœ¤íƒ ì„ ì • ìµœì•…ì˜ ìì—°ì¸ ë°¥ìƒ best 3,ì •ë™ì›(JD1),121.0,0.0,0.3,0.4,0.2,0.1,0.0,0.9,0.1,"The channel and content focus on outdoor and adventurous elements, appealing primarily to a male audience. The humor and adventurous nature of the content likely attracts a younger demographic, particularly those in their 20s and teens."
UAZxO5xrUMA,[ë¯¸ê³µê°œ] íƒê·¼ì˜ ëŸ°ëª¨ë‹ğŸŒ(feat.ë¯¸êµ­ì¸ ì•„ì €ì”¨) | Studio C1,ìŠ¤íŠœë””ì˜¤ì‹œì› StudioC1,100.0,0.0,0.1,0.5,0.3,0.1,0.0,0.8,0.2,"The content revolves around morning running in Hawaii, which appeals to fitness enthusiasts. The script indicates a focus on sports and lifestyle, attracting a younger male audience, primarily in their 20s and 30s."
f0xmrtlDXts,ì¶•êµ¬vsë†êµ¬ ë­ê°€ ë” ì¬ë°Œì„ê¹Œ?! ìŠˆë»˜ë§¨ ìš´ë™ ìµœê°•ìëŠ”?!,ìŠˆë»˜ë§¨ [ìŠˆí¼ ë»˜ì§“ ë„ì „ê¸°],221.0,0.1,0.4,0.3,0.15,0.05,0.0,0.8,0.2,"The channel 'ìŠˆë»˜ë§¨' focuses on sports and entertainment challenges, appealing to a younger male audience interested in sports and playful competitions. The script also emphasizes sports rivalry and humorous banter, aligning with male teenage and young adult preferences."
l5axU-EQ5Gg,(ì‹¤ì œë¡œ í•œ ë§) í¥ë¯¼ì•„ ë¹ ë”° ê°€ì ¸ì™€ë¼... ë°•ì§€ì„±ë§ˆì € ë¹ ë”° ì°¾ê²Œ í•˜ëŠ” ì†í¥ë¯¼ì˜ ì¥ë‚œã…‹ã…‹ã…‹ã…‹ã…‹ [ë§¨ì¸ìœ ëŸ½2025 EP 15],ìŠ›í¬ëŸ¬ë¸Œ,175.0,0.0,0.1,0.4,0.3,0.15,0.05,0.85,0.15,"The channel 'ìŠ›í¬ëŸ¬ë¸Œ' is known for sports content, particularly focusing on soccer, which generally attracts a male audience. The video discusses interactions with famous soccer players, appealing to soccer enthusiasts, mostly in their 20s and 30s."
2kZ_m0xVQy8,íƒˆê³¨ìŠ¤ìœ™- 30m ì´ë‚´ì˜ ì–´í”„ë¡œì¹˜ëŠ” ì¹˜ëŠ” ë°©ë²•ì´ ë”°ë¡œ ìˆìŠµë‹ˆë‹¤.,íƒˆê³¨ìŠ¤ìœ™,476.0,0.0,0.05,0.2,0.4,0.25,0.1,0.8,0.2,"The content is focused on golf techniques, specifically approach shots, which tends to attract a male audience. The detailed technical explanations suggest a viewership skewed towards adults, particularly those in their 30s and 40s who are likely to be more involved in golf."
dp2ZMcRk3ug,"í˜„ëŒ€ ìµœê°• ì•”ì‚´ì, ì „ìƒí–ˆë”ë‹ˆ ì´ì„¸ê³„ ìš©ì‚¬ ì•”ì‚´ ë¯¸ì…˜ì„ ë°›ì•˜ë‹¤? ê·€ì¡± ì•”ì‚´ìë¡œ í™˜ìƒí•˜ëŠ” ì´ì„¸ê³„ íŒíƒ€ì§€ ì´ì•¼ê¸°ì˜  ì• ë‹ˆë©”ì´ì…˜ [ ì• ë‹ˆ ë¦¬ë·° ]",ë§ˆë£¨ì• ë‹ˆ,219.0,0.05,0.35,0.4,0.1,0.05,0.05,0.8,0.2,"The channel 'ë§ˆë£¨ì• ë‹ˆ' likely targets anime enthusiasts, and the content is an anime review with a fantasy setting, attracting primarily male viewers. The themes and narrative style appeal mostly to teenagers and people in their 20s who are interested in anime and fantasy genres."
nX_DHc4-iGU,ë¨¹ë‹¤ë³´ë‹ˆ 42km ì™„ì£¼í–ˆë„¤ìš”..2025 ì„œìš¸ë§ˆë¼í†¤,í•œìŠ¤ HANS,180.0,0.0,0.1,0.3,0.4,0.15,0.05,0.85,0.15,"The content focuses on marathon running, typically attracting a male audience interested in sports and fitness. The humorous and casual style suggests appeal to a younger audience, particularly those in their 20s and 30s who might relate to the informal tone."
ndEyd9_AbiE,ì² ê¶Œ í™”ë‘ì˜ ë°œì°¨ê¸°ë¥¼ ì‹¤ì œ ê²½ê¸°ì—ì„œ..!!? ì „ì„¸ê³„ë¥¼ ë†€ë¼ê²Œ í•œ 23ì„¸ ë°œì°¨ê¸°ì˜ ì‹  ã„·ã„·,ì°¨ë„ë¥´,113.0,0.0,0.1,0.3,0.4,0.2,0.0,0.9,0.1,"The content focuses on mixed martial arts and kickboxing, appealing mostly to a male audience interested in sports and fighting. The detailed analysis of a fighter's career and style is likely to attract viewers in their 20s to 40s who follow combat sports."
Q9tJfvwm_4c,[1íšŒ í•˜ì´ë¼ì´íŠ¸] ì‹ ë³‘ë„ ì™”ëŠ”ë° ì‹ ê³ ì‹ ê°€~ë³´ì!ğŸ˜ ì‹ ë³‘ ì•„ë‹Œ ë§ë…„ ë³‘ì¥ ìµœì¼êµ¬ ì¡ëŠ” ë°•ë¯¼ì„ì€ ë¤ìœ¼ë¡œ^^ #ì‹ ë³‘3,ENA ì´ì—”ì—ì´,657.0,0.0,0.15,0.45,0.25,0.1,0.05,0.8,0.2,"The content revolves around military life and humor, likely attracting a predominantly male audience interested in military themes. The age distribution suggests a focus on younger individuals, particularly those in their 20s, who are more likely to find this content relatable and entertaining."
RiXnlUcPe_k,ì´ ë™ë¬¼ë“¤ì´ ë¶€í™œí•˜ë©´ ì¸ë¥˜ëŠ” ì ˆëŒ€ ì‚´ì•„ë‚¨ì§€ ëª»í•©ë‹ˆë‹¤.,ì§€ì‹ë¼ì§€,243.0,0.01,0.05,0.3,0.4,0.2,0.04,0.85,0.15,"The channel 'ì§€ì‹ë¼ì§€' focuses on interesting facts that generally appeal to adults interested in history and prehistoric creatures, resulting in a higher viewership among the 30-40 age group. The content's theme of ancient creatures typically attracts a predominantly male audience with interests in history and science fiction."
EAL_XnY-S2I,"[ENG SUB]ì´ì¢…ë²” {ì§ í•œí˜•} EP. 60 ìˆ ìë¦¬ ë ˆì „ë“œ ì°ê³  ê°„ ì•¼êµ¬ ë ˆì „ë“œ ""ì˜¤ëŠ˜ ë¶„ìœ„ê¸° Dì ¸ë¶„ë‹¤ì‰~""",ì§ í•œí˜• ì‹ ë™ì—½,110.0,0.0,0.05,0.2,0.35,0.25,0.15,0.85,0.15,"The channel 'ì§ í•œí˜• ì‹ ë™ì—½' seems to target a mostly male audience with its content related to sports and male-oriented products. The script indicates a focus on sports figures and casual discussions, likely appealing to a 30-40s male demographic familiar with Korean baseball legends."
ZwjoL-TvOX8,ê¸‰ì‹ì™• ìƒˆë¡œìš´ ë ˆìŠ¬ëŸ¬ ë‹¥í„°X ë“±ì¥!! (ft.ì§„ê°œì„± ì´ë‘ ë˜ë‹¤),ê¸‰ì‹ì™•,664.0,0.1,0.6,0.2,0.05,0.03,0.02,0.8,0.2,"The channel 'ê¸‰ì‹ì™•' is known for its humorous and entertaining content targeted primarily at younger audiences, especially teens. The script and theme of wrestling and school life further suggest a male-dominated viewership, consistent with gaming and adolescent entertainment content."
rSmnUeGaO4Q,"í›„ì¿ ì˜¤ì¹´ ì™”ë‹¤ê°€ ìˆ ë§Œ ë¨¹ê³  ê°€ì§€ìš” (ft.ì¼ë³¸ ë ˆì „ë“œ ì†Œì£¼, ë¼ë©˜ ë§›ì§‘)",ì¶”ì„±í›ˆ ChooSungHoon,328.0,0.0,0.05,0.25,0.35,0.25,0.1,0.85,0.15,"The content is focused on a travel and drinking experience in Fukuoka by a male host, which aligns with male interests. The age range is likely broader, with a focus on 20-40s, given the travel and cultural exploration angle."
ZMieh-o98Yg,ì´..ì´ê²Œ ë¬´ìŠ¨ì§“ì´ì•¼...,ê¹€ì¬ì›ì˜ ì¦ê±°ìš´ ì„¸ìƒ,125.0,0.0,0.8,0.15,0.05,0.0,0.0,0.9,0.1,"The channel 'ê¹€ì¬ì›ì˜ ì¦ê±°ìš´ ì„¸ìƒ' is known for its comedic gaming content, which predominantly attracts a teenage male audience. The script reflects a casual, humorous style typical of gaming culture, appealing mostly to younger males."
EzK59SbZLEc,í•˜ë£»ë°¤ ì†Œë¬¸ìœ¼ë¡œ ì „êµ­íŒ”ë„ì— ì„œë°©ì„ ë‘ê²Œëœ ê³¼ë¶€ | ì•¼ë‹´Â·ë¯¼ë‹´Â·ì „ì„¤Â·ì„¤í™”Â·ì˜›ë‚ ì´ì•¼ê¸°Â·ì²­ì¶˜ì•¼ë‹´,ì²­ì¶˜ì•¼ë‹´,333.0,0.0,0.05,0.15,0.3,0.3,0.2,0.8,0.2,"The content is about traditional Korean stories, which generally attract a more mature audience, from 30s to 50s. The historical and narrative style tends to appeal more to male viewers, hence the skewed gender distribution."
HoS7mffQ2YQ,skibidi toilet 78,DaFuq!?Boom!,290.0,0.0,0.6,0.3,0.1,0.0,0.0,0.9,0.1,"The channel 'DaFuq!?Boom!' is known for creating bizarre and humorous animations, which typically attract younger audiences, especially teens. The video title and script suggest a chaotic, game-like scenario, appealing mostly to a male-dominated, teenage audience interested in gaming and surreal content."
uktkv16b4CI,ğŸ”¥33ë¶„ ìˆœì‚­!!!ğŸ”¥ì—¬ì‹ ì˜ ëˆˆì„ ì–»ì–´ ì´ì„¸ê³„ ì¸ë¥˜ ìµœê°•ì´ ëœ Fë­í¬ ì§ê¾¼ ã€ì• ë‹ˆë¦¬ë·°ã€,í–‰ë•ì´ì˜ ì• ë‹ˆë¦¬ë·°,125.0,0.0,0.7,0.25,0.05,0.0,0.0,0.9,0.1,"The content is focused on anime reviews and isekai genre, which are popular among teenagers and young adults, especially males. The script's detailed plot analysis and focus on a fantasy setting further indicate a male-dominated audience."
Eez85bL3RXM,ëŒ€ë°• ë‚˜ê³  ê·¸ëŒ€ë¡œ ì–¼ìŒ.. ëŒì— ë²Œì´ ì•‰ì•„ ìˆê¸¸ë˜ ì‚´ì§ ì¹˜ì›Œë´¤ë‹¤ê°€ íš¡ì¬í•œ ë‚¨ìï½œìµœìƒê¸‰ ì„ì²­ï½œëª©ì²­ê¾¼ï½œê·¹í•œì§ì—…ï½œ#ê³¨ë¼ë“„ë‹¤í,EBSDocumentary (EBS ë‹¤í),950.0,0.0,0.05,0.15,0.35,0.3,0.15,0.85,0.15,"The EBS Documentary channel typically appeals to an older audience due to its in-depth and educational content. The video about wild honey hunting is likely to attract viewers interested in nature and outdoor activities, predominantly male, and aged mainly between 30 to 50+."
xSippqKFo5I,â€˜Only íƒ€ì´ê±°ì¦ˆë¹µ' KIA í¬ë³´ë¹µ ë ë¶€ì”°ì€ ëª‡ ê°œ? [ì‹¤í—˜ê°¸ë©”ë¼],ê¸°ì•„íƒ€ì´ê±°ì¦ˆ - ê°¸í‹°ë¹„,179.0,0.05,0.15,0.35,0.3,0.1,0.05,0.85,0.15,"The channel 'ê¸°ì•„íƒ€ì´ê±°ì¦ˆ - ê°¸í‹°ë¹„' focuses on KIA Tigers, a professional baseball team, attracting mainly male sports enthusiasts. The content is likely to appeal to young adults and middle-aged viewers who are interested in baseball and sports-related collectibles."
e4J1AZ_Xwy4,[ëŒ€íƒˆì¶œ4] (2ì‹œê°„) ì—­ëŒ€ê¸‰ ë‚œì´ë„ì˜ ëŒ€íƒˆì¶œğŸ—£ ì¢€ë¹„ê°€ ê°€ë“í•œ êµë„ì†Œì—ì„œ íƒˆì¶œí•˜ë¼ğŸ˜±,ë””ê¸€ :Diggle,161.0,0.0,0.2,0.5,0.2,0.1,0.0,0.8,0.2,"The channel 'Diggle' is known for its entertainment content, including reality and escape games, attracting mainly young adults. The script's adventurous and thrilling nature suggests a male-dominant audience, with a significant portion of viewers likely in their 20s."
p5-SmCnsO8w,ë‹¤ ìˆëŠ”ë° ê¹€ì¹˜ë§Œ ì—†ëŠ” íšŒì‚¬ì—ì„œ ë“ì´ëŠ” ì§œì¥ë¼ë©´,ì¹¨ì°©ë§¨,461.0,0.05,0.1,0.35,0.4,0.1,0.0,0.9,0.1,"The channel 'ì¹¨ì°©ë§¨' is known for its humorous content that often appeals to males, particularly those interested in gaming and casual discussions. The script's informal and playful tone suggests an audience primarily in their 20s to 30s, leaning towards male viewers."
MMclLWq7mq0,"[ë°¥ë¬µì]ì‹ ë³‘ vs ê³¨ë³‘ (feat. ê¹€ë¯¼í˜¸, ë‚¨íƒœìš°)",ê¼°ëŒ€í¬,637.0,0.0,0.1,0.4,0.35,0.1,0.05,0.95,0.05,"The channel 'ê¼°ëŒ€í¬' often features military and humor content, appealing primarily to a male audience. The script involves military themes, suggesting a target audience of men in their 20s to 30s, likely due to familiarity with military service."
OTbUOhmkAds,"ëŒ€í•œë¯¼êµ­ì´ ë§Œë“  ìˆœìˆ˜ ë…ì ê¸°ìˆ  ì „íˆ¬ê¸° T-50ï½œë§ˆí•˜ 1.5ë¡œ í•­ê³µì„ ê°€ë¥´ëŠ” í…ŒìŠ¤íŠ¸ íŒŒì¼ëŸ¿ï½œêµ­ë‚´ ìœ ì¼ì˜ í•­ê³µë¬´ê¸° ì‹œí—˜í‰ê°€ ë¶€ëŒ€, 52ì‹œí—˜í‰ê°€ì „ëŒ€ 281ëŒ€ëŒ€ï½œê·¹í•œì§ì—…ï½œ#ê³¨ë¼ë“„ë‹¤í",EBSDocumentary (EBS ë‹¤í),450.0,0.0,0.0,0.1,0.3,0.4,0.2,0.9,0.1,"The content focuses on military technology and aerospace, typically attracting male audiences, especially those interested in defense and aviation. The age distribution leans towards 30-50+ as it involves career professionals and individuals with a keen interest in military advancements."
acc2jb-vqKI,ğŸª–[full] ì§€ê¸ˆì€ ì‚¬ë¼ì§„ ìœ¡êµ° '102ë³´ì¶©ëŒ€'ì˜ 72ì‹œê°„ ë°€ì°©ì·¨ì¬ë³¸ ëŒ€ê³µê°œ | KBS ë‹¤íë©˜í„°ë¦¬3ì¼ '1205ëª…ì˜ ëœ¨ê±°ìš´ ê²¨ìš¸! ìœ¡êµ° 102ë³´ì¶©ëŒ€ 72ì‹œê°„' 090117 ë°©ì†¡,esports KBS,1098.0,0.0,0.05,0.2,0.4,0.25,0.1,0.9,0.1,"The content is centered around military experiences, historically attracting a male audience. The discussion on army life appeals mostly to 30s-40s who are either experiencing or reminiscing about such times."
krsBRQbOPQ4,"$1 vs $250,000,000 Private Island!",MrBeast,124.0,0.05,0.2,0.45,0.2,0.07,0.03,0.8,0.2,"MrBeast is known for content appealing to a younger male audience, particularly with extravagant challenges and giveaways. The video's theme of comparing private islands likely attracts 20-30-year-old viewers who are interested in luxury and adventure."
56c6v_sgSEo,"â‰ªì‹ ë³‘ ì‹œì¦Œ3â‰« ë³´ê¸° ì „, â‰ªì‹ ë³‘ 1, 2 ì „ ì‹œì¦Œâ‰« 3ì‹œê°„ìœ¼ë¡œ í•œë°©ì— ëª°ì•„ë³´ê¸°!!!",ì§€ë¬´ë¹„ : G Movie,233.0,0.0,0.1,0.4,0.3,0.2,0.0,0.9,0.1,"The channel 'ì§€ë¬´ë¹„ : G Movie' focuses on reviews and analyses of Korean military-themed dramas, which are typically more popular among male audiences. The content is likely appealing to young adults and adults due to its military and nostalgic themes, leading to a prediction of higher viewership in the 20s and 30s."
Pjdmho2dbBI,"í”½ì‹œ ìì „ê±°ì— ë¸Œë ˆì´í¬, ê¼­ ë‹¬ì•„ì•¼ í• ê¹Œ?",0.1í†µ ë¼ì´ë”,282.0,0.1,0.5,0.2,0.1,0.05,0.05,0.8,0.2,"The content primarily revolves around bicycles, specifically 'fixie' bikes, which tend to attract a younger, male demographic often interested in sports and outdoor activities. The presence of high school and middle school representatives suggests significant interest from teenagers."
lNU3HB7Klp8,ë³µì‹± vs ì”¨ë¦„ ëˆ„ê°€ ì´ê¸¸ê¹Œ? [ìš©ì¸ëŒ€ ë¬´ë„í•™ê³¼] | ì „ê³¼ì ep.82 [EN/JP/ID/CN],ootb STUDIO,879.0,0.0,0.15,0.5,0.25,0.1,0.0,0.8,0.2,"The content focuses on martial arts and sports, which generally attract a male audience. The theme of the video, along with the channel's nature, suggests a predominant interest from males, especially those in their 20s and 30s."
XQNhwaD-U-o,"í•˜ë‹¤ í•˜ë‹¤ ì´ì œ ì§‘ê¹Œì§€ ì§“ëŠ”ë‹¤, ëª©ìˆ˜ì˜ ì¼ì„ ëŒ€ì‹ í•˜ëŠ” ì§‘ ì§“ëŠ” ë¡œë´‡! 1ë…„ì— 1,700ì±„ê¹Œì§€ ìƒì‚°í•˜ëŠ” ë¡œë´‡ ì£¼íƒ ê³µì¥ï½œê·¹í•œì§ì—…ï½œ#ê³¨ë¼ë“„ë‹¤í",EBSDocumentary (EBS ë‹¤í),111.0,0.0,0.05,0.15,0.3,0.3,0.2,0.85,0.15,"The content about robotic house construction appeals primarily to males interested in technology and engineering. The age distribution skews towards 30s and 40s, as it involves construction and real estate topics more relevant to adults."
nijIcS-Eqyg,ë°ê¸° ì¡°ì ˆì„ í•˜ë©´ ë­ê°€ ë³´ì¸ë‹¤..? ì‘ê°€ë“¤ì´ ìˆ¨ê²¨ë†“ì€ ë§Œí™” ì† ì´ìŠ¤í„°ì—ê·¸ TOP6,íƒ€ì„ìŠ¤ë‚µ,274.0,0.005,0.45,0.45,0.05,0.03,0.015,0.9,0.1,"The channel 'íƒ€ì„ìŠ¤ë‚µ' appears to focus on content that appeals to younger audiences, particularly teens and young adults, through pop culture and entertainment themes. The subject of hidden 'Easter eggs' in comics is typically more attractive to male viewers, reinforcing a predominantly male audience."
Z05ySwjuzBU,"í‰ë²”í•œ ê±°ì§€ ê¼¬ë§¹ì´ì¸ì¤„ ì•Œê³  ì‹¤ì»· ê´´ë¡­í˜”ëŠ”ë°, ì•Œê³ ë³´ë‹ˆ ""ì „ìƒí•œ ê°œì‚¬ê¸°ìº""ë¼ë©´ ë²Œì–´ì§€ëŠ” ì¼ã€ì• ë‹ˆë¦¬ë·°ã€‘",ê¹¨ì–´ë‚˜ë³´ë‹ˆ ì• ë‹ˆë¦¬ë·° ìœ íŠœë²„ê°€ ë¼ìˆì—ˆë‹¤,118.0,0.0,0.5,0.4,0.1,0.0,0.0,0.9,0.1,"The video is an anime review, a genre typically attracting a younger male audience, particularly teenagers and those in their 20s. The channel name and script suggest a focus on fantasy and action, further appealing to male viewers."
sPdEJFx0FtE,ë‹¹ê·¼ì—ì„œ ë§Œë‚œ ì´ˆë”©ì—ê²Œ í”½ì‹œë¥¼ ë°°ì›Œë´¤ìŠµë‹ˆë‹¤.,0.1í†µ ë¼ì´ë”,135.0,0.2,0.5,0.2,0.05,0.03,0.02,0.8,0.2,"The video content is focused on fixie bike tricks, which are generally more appealing to a younger male audience. The presence of elementary students and the informal, hobby-centric nature suggests a focus on teenagers and young adults."
xQL-vpfi9WU,"í…ŒìŠ¬ë¼ ëª¨ë¸Y ì£¼ë‹ˆí¼ ì‹œìŠ¹ê¸°, ì§„ì§œ 5299ë§Œì›ì´ë‹¤!...ë¯¸ì¹œ ê°€ê²©, ìƒí’ˆì„± í­ë°œ!",ê¹€í•œìš©ì˜ MOCAR,875.0,0.0,0.05,0.3,0.4,0.2,0.05,0.85,0.15,"The channel 'ê¹€í•œìš©ì˜ MOCAR' is known for automotive content, which generally attracts a male audience. The content focuses on Tesla Model Y's unique features and pricing, likely appealing to 30-40 year-olds interested in technology and cars."
uDTNJYehlRM,ê°€ìœ„ë°”ìœ„ë³´ì— í•œíŒì— ì¸ìƒ ê±¸ê¸° ê²Œì„!! ì§€ëŠ” ë†ˆ ëª°ë””ë¸Œê°€ì„œ ëª¨íˆë˜ ë”± í•œì”ë§Œ ë§ˆì‹œê³  ì˜¤ê¸° ã…‹ã…‹ã…‹ã…‹,ë³´ë¬¼ì„¬,119.0,0.05,0.5,0.35,0.07,0.02,0.01,0.8,0.2,"The content revolves around humor and challenges, which tend to attract a younger audience, primarily teens and young adults. Given the nature of the content and channel, male viewers are more likely to be engaged."
uyiG6uw-6pA,"Would You Risk Drowning for $500,000?",MrBeast,584.0,0.0,0.3,0.5,0.15,0.05,0.0,0.8,0.2,"MrBeast is known for his extravagant challenge videos, attracting a predominantly young male audience. The content involves dangerous stunts and high rewards, appealing mainly to teens and young adults."
AOhXTGhn9F4,"ì˜ˆì¸¡ë¶ˆê°€.. ê°œì¡´ì¼ â‰ªì‹ ë³‘ ì‹œì¦Œ3 ğŸ”¥ 9~12í™”â‰« ë°˜ì§€ì˜ ì œì™• ì¤‘ëŒ€ì¥, ì„±ìœ¤ëª¨ì˜ ë‘ì–¼êµ´(?), ëŒì•„ì˜¨ ì•…ë§ˆ ìƒë³‘ê¹Œì§€ ë‹¤ íŒŒí—¤ì¹˜ëŠ” ìºë¦­í„° ë¶„ì„í¬í•¨ ë–´ë‹¤..! ep13í™”ë¶€í„°ê°€ ì§„ì§œã„·ã„·",ê¹€ì‹œì„ ,1040.0,0.0,0.1,0.3,0.4,0.15,0.05,0.85,0.15,"The channel and video content are heavily focused on military-themed storytelling and character analysis, which typically appeal more to male viewers. Additionally, the content likely attracts viewers in their 30s and 40s who have a personal or nostalgic connection to military themes."
8qG-htDYgeQ,ì¼ë³¸ ìµœëŒ€ ì •ì› 4ëª… ë‚¨ë…€ í˜¼ìš•íƒ•! ë„ˆë¬´ ì¢ì•„ì„œ ìƒê¸°ëŠ”(?) í”¼í•  ìˆ˜ ì—†ëŠ” ìƒí™© ã„·ã„·ã„·,ë©´ìƒêµ¬ì œ,310.0,0.0,0.1,0.6,0.2,0.1,0.0,0.9,0.1,"The video centers on an adventurous travel experience in Japan, focusing on unique hot springs and local culture. Such content typically appeals to young male adults, particularly those in their 20s who are interested in travel and unique experiences."
C7IStK_2q9U,ì¤‘êµ­ ì—¬í–‰ì¤‘ ì‹œì‘ëœ ì˜¨ëª¸ì—ì„œ ë„íŒŒë¯¼ í„°ì§€ëŠ” ë³µë¶ˆë³µ ê²Œì„ ã…‹ã…‹ã…‹ ì ˆë²½ìœ¼ë¡œ ë–¨ì–´ì§ˆ ì‚¬ëŒì€..?!,ë”ë¸”ë¹„,266.0,0.0,0.2,0.6,0.15,0.05,0.0,0.8,0.2,"The channel 'ë”ë¸”ë¹„' is known for entertaining and adventurous content, appealing primarily to young male audiences. The script suggests a comedic and risk-taking theme, which aligns with interests typically found in younger male viewers."
l7NZnWHh-Fg,"ê²°í˜¼í•˜ê¸¸ ì •ë§ ì˜í–ˆë‹¤ (with ê¹€í’, ì‡ì„­, ë„ˆëœíŠ¸ ìƒí˜‘)",ì¹¨ì°©ë§¨,135.0,0.0,0.05,0.3,0.35,0.2,0.1,0.9,0.1,"The channel 'ì¹¨ì°©ë§¨' is known for a primarily male audience, often attracting viewers interested in discussions about daily life, gaming, and male interests. The video's content about marriage and family life suggests an older, mature audience, primarily in their 30s and 40s."
VOxFIXQ6lI0,ë§¨ë‚  fcëª¨ë°”ì¼ íŒ€ íƒ“í•˜ëŠ” ì¹œêµ¬ ì˜ëŒí•´ì„œ 200ë§Œì› í˜„ì§ˆí•˜ê¸°ã…‹ã…‹ã…‹ã…‹ã…‹,ëŒì¼,772.0,0.0,0.1,0.6,0.2,0.1,0.0,0.9,0.1,"The video is focused on gaming content, specifically related to FIFA Mobile, which tends to attract a predominantly male audience, often aged 20-30. The humorous and casual style may also appeal to younger viewers, but the primary audience is likely young adult males."
3OSSzAfOCQ8,íƒœêµ­ ì—¬ì‚¬ì¹œê³¼ ì–´ì©Œë‹¤ ë³´ë‹ˆ ì²«ë‚ ë°¤ì„ ê°™ì´ ë³´ë‚´ê²Œ ëë‹¤ ğŸ‡¹ğŸ‡­ (íƒœêµ­ ep.50),ê³µê³µí›ˆ kongonAIR,1747.0,0.0,0.2,0.5,0.3,0.0,0.0,0.9,0.1,"The channel 'ê³µê³µí›ˆ kongonAIR' appears to produce travel and adventure content, which typically appeals more to male audiences. The video title and script suggest a focus on travel experiences and adventures in Thailand, likely attracting young adults in their 20s and 30s."
xe9l2v6ENeU,"ë¯¸ì¹œ ì¢€ë¹„ ë°”ì´ëŸ¬ìŠ¤ê°€ í¼ì ¸ì„œ 2ì£¼ê°„ ìˆ¨ì–´ ì§€ë‚´ë˜ ì¤‘ ì‹ëŸ‰ì´ ë–¨ì–´ì ¸ì„œ, ê²°êµ­ ë°–ìœ¼ë¡œ ë‚˜ê°€ëŠ”ë°..!! í‚¬ë§ íƒ€ì„ìš©ìœ¼ë¡œ ë³´ê¸° ê´œì°®ì€ ì˜í™”ã€Šì•„í¬ì¹¼ë¦½ìŠ¤Zã€‹",ì‘ì€ ì˜í™”ê´€,136.0,0.0,0.1,0.5,0.3,0.1,0.0,0.8,0.2,"The content is focused on a zombie apocalypse movie review, appealing mostly to a male audience interested in action/suspense. The age demographic likely skews towards 20s and 30s, who are generally more engaged with thriller and survival genres."
6GYRBTfqVOA,Good Bye ê¹€ì¬ì›!!!,ê¹€ì¬ì›ì˜ ì¦ê±°ìš´ ì„¸ìƒ,322.0,0.0,0.6,0.3,0.1,0.0,0.0,0.9,0.1,"The channel name suggests a focus on playful and gaming content, and the script includes topics like the military and gaming, which typically attract a younger male audience, particularly teenagers and young adults."
-bD__XdNUoI,ì¹œêµ¬ ë§¥ë¶ í›”ì³ì„œ ë¶€ì‚°ìœ¼ë¡œ ë„ë§ê°„ì²™ ì†ì´ê³  ì„œìš¸ì—ì„œ íë§í•˜ê¸°ã…‹ã…‹ã…‹ã…‹,ë”ë¸”ë¹„,956.0,0.0,0.3,0.5,0.2,0.0,0.0,0.9,0.1,"The video features a prank and humorous interaction between friends, appealing to a younger, predominantly male audience. The script and channel's comedic style suggest a focus on teens and young adults."
7rpwZLmAO4M,[5íšŒ í•˜ì´ë¼ì´íŠ¸] ê°•ì°¬ì„ì˜ ë³¸ìºëŠ” ì£½ì§€ ì•Šì•˜ë‹¤! ì°¬ì„ì˜ í•œë§ˆë””ì— êµ¬ì‚¬ì¼ìƒí•œ ìµœì¼êµ¬ #ì‹ ë³‘3,ENA ì´ì—”ì—ì´,867.0,0.0,0.2,0.5,0.2,0.1,0.0,0.85,0.15,"The content is related to military life, which typically attracts a male audience, especially younger men in their 20s who are either serving in the military or interested in military topics. The channel's style and themes also suggest a focus on drama and action, appealing to this demographic."
opo3DABJvqE,"ì¼ë³¸ ì•„ì €ì”¨ë“¤ì´ ì²˜ìŒ ë³¸ ""ì œë„¤ì‹œìŠ¤ GV80"" ì´ë ‡ê²Œ ë†€ë„ ì¤„ì´ì•¼ ã„·ã„·",ë©´ìƒêµ¬ì œ,256.0,0.0,0.05,0.2,0.3,0.3,0.15,0.8,0.2,"The video features a car review ('Genesis GV80') which generally appeals more to a male audience. The channel 'ë©´ìƒêµ¬ì œ' appears to focus on travel and lifestyle content, which can attract a diverse age group, but the car focus suggests an older audience interested in cars and travel insights."
aVoguJeQWLc,ì§€ê¸ˆ ì‚¼ì„±í° ì“°ë©´ ë‹¹ì¥ ë°”ê¾¸ì„¸ìš”! (ì–´ë””ì—ì„œë„ ë§í•´ì£¼ì§€ ì•ŠìŠµë‹ˆë‹¤..),1ë¶„ë¯¸ë§Œ,327.0,0.0,0.05,0.35,0.4,0.15,0.05,0.85,0.15,"The video focuses on Samsung phone security features and technical settings, appealing mainly to men interested in tech, IT, and cybersecurity. The age distribution leans towards adults, particularly those in their 20s and 30s, who are more likely to be tech-savvy and concerned about device security."
K3dOtlU3Z94,[ì—°íœ´íŠ¹ì§‘] ì½”ë°ˆ ëª¨ë“ ê²Œ ëœë¤ì¸ ì„¸ìƒ ëª°ì•„ë³´ê¸°,ì½”ë°ˆ KOMEME,162.0,0.05,0.7,0.2,0.03,0.02,0.0,0.85,0.15,"The content is humorous and revolves around random life experiences, which is likely to attract a younger audience, especially teenagers, who enjoy comedy and randomness in content. The military and random aspect appeals more to male viewers, reflecting the content style."
EmGyuDbARDw,"SNSì—ì„œ ë‚œë¦¬ë‚œ ""íŠ¸ë„ë¼ë ˆë¡œ íŠ¸ë„ë„ë¼"" ê³„ì† ëœ¨ë‹ˆê¹Œ ì´ì œëŠ” ì—´ì´ ë°›ë„¤ìš”!!!!!!!!!!!!",íŒŒë¿Œë¦¬,105.0,0.05,0.4,0.4,0.1,0.03,0.02,0.8,0.2,"The channel 'íŒŒë¿Œë¦¬' appears to focus on quirky and humorous content, likely appealing mostly to teenagers and young adults. The script's chaotic and playful nature suggests a male-dominated audience due to its resemblance to game-like content and internet memes."
wES98ZuLTlE,[í•˜ì´ë¼ì´íŠ¸] KIAíƒ€ì´ê±°ì¦ˆ VS í‚¤ì›€íˆì–´ë¡œì¦ˆ (2025.5.6),ê¸°ì•„íƒ€ì´ê±°ì¦ˆ - ê°¸í‹°ë¹„,164.0,0.0,0.1,0.3,0.4,0.15,0.05,0.9,0.1,"The content is about a baseball game between KIA Tigers and Kiwoom Heroes, which generally attracts a male audience interested in sports. The age distribution is broad but leans towards adults who are more likely to follow professional sports."
yx4fw1SL8Xc,ë¼ì§€ë‘˜ì¤‘ ëˆ„ê°€ ë” ë°¥ ì˜ë¨¹ë‚˜ ëŒ€ê²°í•˜ëŠ” ì„¸ìƒ ë¬´ì‹í•œ ë°¥ë¶€ì‹¬ ë°¥ìµœëª‡ ëŒ€ê²°í•˜ê¸°ã…‹ã…‹ã…‹ã…‹ã…‹,ë”ë¸”ë¹„,286.0,0.0,0.3,0.4,0.2,0.1,0.0,0.8,0.2,"This video features a humorous eating contest, likely appealing to younger audiences, particularly teens and young adults. The competitive and playful nature, along with the channel's comedic style, suggests a predominantly male audience."
Q6E6AbgU4iA,[ENG SUB] ì—¬ì ì œìëŒ€íšŒ ì‹œì‘! ì¼ë°˜ ì—¬ìë¼ê³  ìƒê°í•˜ì‹œë©´ ì•ˆë©ë‹ˆë‹¤~~,ê¹€êµ­ì§„TV_ê±°ì¹¨ì—†ëŠ” ê³¨í”„,151.0,0.0,0.1,0.4,0.3,0.15,0.05,0.8,0.2,"The channel 'ê¹€êµ­ì§„TV_ê±°ì¹¨ì—†ëŠ” ê³¨í”„' suggests a golf-focused content, which typically attracts a male audience. The presence of female participants and a golf-themed competitive event may slightly broaden the appeal to women and younger audiences interested in sports."
DfwBj5zs-SE,ë¼ì´ë²Œ ì—­ëŒ€ê¸‰ ì—…ë°ì´íŠ¸ ìŠ¤ì¼€ 3ì— ì í•‘íŒ¨ë“œê¹Œì§€ ë‚˜ì™€ë²„ë ¸ìŠµë‹ˆë‹¤..ê·¼ë° ìŠ¤í‚¨ì´ ë„ˆë¬´ ì´ìœë°?ã…‹ã…‹ã…‹ã…‹ã…‹[ë¼ì´ë²Œ ì—…ë°ì´íŠ¸],ì‚¬ë‘ Sarang,224.0,0.0,0.5,0.4,0.1,0.0,0.0,0.9,0.1,"The video is a gaming update, likely appealing to younger audiences, especially teenagers and those in their 20s. The content focuses on game features and in-game purchases, which typically attract a predominantly male audience."
mt0Qf9hYg_g,"ìµœê³ ê¸‰, ìµœê³ ê°€(ì‹¯ê°€) ê·¸ë¦¬ê³  ì´ˆëŒ€ë¬¼/ë¯¼ë¬¼ ì›íˆ¬ë‚šì‹œ ë ˆì „ë“œ/ìˆ ì•ˆì£¼ëŠ” ì§ì ‘ ì¡ì•„ë¨¹ì/ìê¸‰ìì¡± ì—¬í–‰/ëŒ€ë°• ì¡°ê³¼!",ì •ê²¨ìš´ì„±ë¹ˆTV Nature,103.0,0.0,0.05,0.2,0.4,0.3,0.05,0.9,0.1,"The content is focused on fishing and outdoor activities, typically attracting a male audience. The age distribution skews towards adults, as fishing is a hobby more commonly enjoyed by those 30 and older."
RhsF0T0ubwM,ìŠ¹ë¥  100% ì¼ë³¸ ì‹¸ì›€ ì²œì¬ê°€ UFCì—ì„œ ë¬´ë„ˆì§„ ì¶©ê²©ì ì¸ ì¥ë©´ ã„·ã„·,ì°¨ë„ë¥´,119.0,0.0,0.0,0.5,0.4,0.1,0.0,0.9,0.1,"The content revolves around UFC and martial arts, which heavily interests male audiences, especially those in their 20s and 30s. The strategic and competitive nature of the content appeals more to younger male demographics."
J7SPwLPsCAc,ì´ìƒìˆ˜ì˜¨ ëˆˆì¹˜ì±„ê³  ë±ƒë¨¸ë¦¬ ëŒë ¤ ì¡°ë¥˜ ë”°ë¼ê°”ë”ë‹ˆ ë” ë¹„ì‹¼ ë¬¼ê³ ê¸° ë–¼ê°€ ìŸì•„ì§„ë‹¤!ï½œì§‘ì–´ì‚¼í‚¬ ë“¯ ì§‘ì±„ë§Œ í•œ íŒŒë„ ìµœì•…ì˜ ìƒí™©ì—ì„œ ë§ˆì£¼í•œ ëŒ€ë°•ï½œë§Œì„  ê°€ìë¯¸ ì¡ì´ï½œê·¹í•œì§ì—…ï½œ#ê³¨ë¼ë“„ë‹¤í,EBSDocumentary (EBS ë‹¤í),109.0,0.0,0.0,0.1,0.4,0.4,0.1,0.9,0.1,"The content involves harsh fishing conditions and the struggle of the crew, typical of EBS documentaries which often attract an older, male audience interested in occupational challenges and real-life sea adventures. Therefore, the main audience is likely middle-aged to older men."
JcxQrUL5e1A,ì°œì§ˆë°©ì—ì„œ ë”¥í‚¤ìŠ¤ì¡°ì§€ëŠ” ì´ˆë”© ë ˆì „ë“œ ã…‹ã…‹ã…‹ã…‹ã…‹ ëŒ€í•œë¯¼êµ­ì˜ ë¯¸ë˜ê°€ ê±±ì •ë˜ëŠ” ë¯¸ì³ë²„ë¦° ì´ˆë”© ëª¨ìŒì§‘ ë ˆì „ë“œ ã…‹ã…‹ã…‹ã…‹ã…‹,ê¹€ì¤€í‘œ,185.0,0.4,0.45,0.1,0.04,0.01,0.0,0.9,0.1,"The video's content, which features humorous and sensational depictions of children's antics, is likely to attract a younger audience, particularly those aged 0-9 and teenagers. The comedic tone and focus on 'ì´ˆë”©' (elementary school kids) suggest a strong appeal to male viewers who enjoy playful, edgy content."
XuSUPG204pU,ë² íŠ¸ë‚¨ ì‹œê³¨ë§ˆì„ì— ìƒë¬¼ ì¡ìœ¼ëŸ¬ ê°”ëŠ”ë°... ì € ì¢€ ì‚´ë ¤ì£¼ì„¸ìš”...,í—Œí„°í,217.0,0.0,0.1,0.4,0.4,0.1,0.0,0.9,0.1,"The channel 'í—Œí„°í' suggests outdoor and adventurous content, likely attracting a male audience. The script implies travel and exploration in Vietnam, appealing to adults in their 20s and 30s."
Jj_m__1IX2w,ë†ê°€ì— í”¼í•´ë¥¼ ì£¼ëŠ” ì¥ë¥¼ ì¡ì•„ì„œ ë¨¹ì–´ë³´ì!,í—Œí„°í,204.0,0.0,0.0,0.4,0.4,0.15,0.05,0.85,0.15,"The channel 'í—Œí„°í' focuses on outdoor adventure and hunting, which generally attracts a male audience, particularly those interested in fishing and hunting. The content is likely to appeal to adults in their 20s to 40s due to the adventurous theme and the complexity involved in the activities."
RAjc17WA5to,ëŒ€ë°•!! ë‹¨ 40ë¶„ë§Œì— ë“¤ê³  ë‚˜ê°ˆ ìˆ˜ ì—†ëŠ”ë§Œí¼ ì“¸ì–´ë‹´ì€ í•´ì‚°ë¬¼ ì²œêµ­! ì˜¤ëŠ˜ ìˆ ì•ˆì£¼ ë¯¸ì³¤ë‹¤!!,ë§ˆì´ˆTV,106.0,0.0,0.1,0.2,0.4,0.2,0.1,0.9,0.1,"The channel name 'ë§ˆì´ˆTV' suggests a male-oriented theme, and the content focuses on seafood gathering and exploration, which are typically more appealing to male audiences. The age distribution is skewed towards adults, as the content involves activities like fishing and exploration which are more popular among adults, especially those in their 30s and 40s."
v337zixTuEI,"[ì˜¤ì§€:ê°44-ì œë„ep02] ìš°ë¦¬ ë°”ë‹¤ì—ì„œ ê±´ì¡ŒëŠ”ë°, ì¼ë³¸ ìŒì‹ì´ë¼ê³ ? ì¼ë³¸ë§Œ ë¨¹ë˜ â€˜ì´ê²ƒâ€™â€¦ ì´ì   ìš°ë¦¬ê°€ ë¨¹ëŠ”ë‹¤",ìœ¤íƒTV,267.0,0.05,0.05,0.2,0.3,0.3,0.1,0.8,0.2,"The channel, ìœ¤íƒTV, typically features local and traditional Korean life, appealing to older generations, particularly those interested in cultural exploration and nostalgia. The script's content involving fishing and local culture leans towards a male audience, as these are common interests among men in Korea."
EZo_HyiF0ag,EP.04 íƒ€ì„ë¨¸ì‹ ,ì‚¬ìš°ìŠ¤ ì½”ë¦¬ì•ˆ íŒŒí¬ South Korean Park,599.0,0.0,0.2,0.7,0.1,0.0,0.0,0.8,0.2,"The channel appears to focus on entertainment and creativity, with a script that involves humor and creativity in a school setting. The content likely appeals more to a younger audience, particularly teens and those in their 20s, with a male skew due to the technological and humorous aspects."
sE-SeUkWgho,ìŠˆë»˜ë§¨ì´ ìƒˆë²½ 3ì‹œê¹Œì§€ ì•ˆìë©´ ìƒê¸°ëŠ”ì¼!? ë¼ë©´ 100ê·¸ë¦‡ ë¨¹ê¸°?!,ìŠˆë»˜ë§¨ [ìŠˆí¼ ë»˜ì§“ ë„ì „ê¸°],285.0,0.05,0.5,0.3,0.1,0.05,0.0,0.85,0.15,"The channel 'ìŠˆë»˜ë§¨' is known for its humorous and playful content, often appealing to a younger, predominantly male audience. The video features late-night antics and challenges, aligning with interests common among teenage and young adult males."
y_EiMOGvsKk,[ì§ìŠ¹ì¹œêµ¬ë“¤] í‰í‰í‰ ì‚¬í›„ë¥´ VS ì§ìŠ¹ì¹œêµ¬ë“¤,ì§¤íˆ°,424.0,0.05,0.4,0.35,0.1,0.07,0.03,0.85,0.15,"ì§¤íˆ° is known for its comedic and often absurd content, which typically appeals to a younger male audience who enjoy internet memes. The script's focus on fictional, humorous debate and over-the-top character descriptions also aligns with interests of teenagers and young adults, particularly males."
7-IpS0owFqQ,ì´ì   ì•ˆë…•,ì§€ì‹ë¼ì§€,375.0,0.05,0.7,0.2,0.03,0.01,0.01,0.8,0.2,"The video script focuses on a fictional universe with various characters, appealing mainly to teenagers and young adults who enjoy such content. The channel's name and the fantasy theme imply a strong male audience, typical for gaming or fantastical narratives."
ht2VEywo40M,[ë‚¨ì²œë™ç”Ÿë¼ì´ë¸Œ!] í•™ì”¨! ì•ˆë˜ëŠ” ê²Œì„ì— ë˜¥ ë¿Œë¦¬ë©´ ë„ˆë„¤í•œí…Œ ê¸°íšŒê°€ ê°ˆ ê±° ê°™ë””?,ì‚¬ì¥ë‚¨ì²œë™,112.0,0.0,0.1,0.1,0.3,0.3,0.2,0.85,0.15,"The content is politically themed and discusses legal and political processes, attracting an audience that is older and more male-dominated. The script indicates a focus on complex legal and political discussions, which tend to appeal to a mature male audience interested in politics."
RBWqo_PbnzQ,ë ˆìŠ¬ë„¤ì´ì…˜ ë³´ê¸° ì „ ê¼­ ë´ì•¼ í•  ì˜ìƒ!! (ft.ë°œê°€ë½ìŒ¤ì€ ì¼€ì¸ì„ ì´ê¸¸ ìˆ˜ ìˆì„ê¹Œ?),ê¸‰ì‹ì™•,191.0,0.05,0.65,0.25,0.03,0.01,0.01,0.85,0.15,"The channel 'ê¸‰ì‹ì™•' is known for its humorous content that usually appeals to teenagers, especially those interested in pop culture or gaming. The video's content on wrestling and its comedic script are likely to attract a predominantly male audience."
j2IpmIAZw4o,ì¼ë³¸ì—¬í–‰ ê³„íš ì§œì™”ë”ë‹ˆ ë…¸ì¼ì´ë€ ì¹œêµ¬ ì—¬ê¶Œ í›”ì³ì„œ ê¿€ì¼ ì—¬í–‰ìœ¼ë¡œ ë°”ê¿”ì£¼ê¸°ã…‹ã…‹ã…‹,ë”ë¸”ë¹„,674.0,0.0,0.2,0.5,0.2,0.1,0.0,0.8,0.2,"The channel name ""ë”ë¸”ë¹„"" is known for its comedic and travel adventure content, which generally attracts a younger male audience. The video's playful and humorous script revolving around a travel prank suggests a primary appeal to males, particularly in their 20s and 30s, who enjoy light-hearted and humorous travel content."
5serISOIcKk,ê°€ìƒí˜„ì‹¤ ì¤‘ë… [ê¸°ì‹œë‹ˆ ìŠ¤ë¦´ëŸ¬íˆ°],ê¸°ì‹œë‹ˆ ìŠ¤ë¦´ëŸ¬íˆ°,293.0,0.0,0.1,0.5,0.3,0.1,0.0,0.85,0.15,"The channel 'ê¸°ì‹œë‹ˆ ìŠ¤ë¦´ëŸ¬íˆ°' likely appeals to a younger audience, with a focus on thriller and speculative fiction themes. The content involves gaming and virtual reality elements, which typically attract a predominantly male audience, particularly in the 20s and 30s age range."
y18lkfYT2Lo,[ë¯¸ê³µê°œ] ì˜¤ëª¨ì‹œë¡œì´í•œ í•ì± ë¥¼ ì°¾ì•„ì„œ | Studio C1,ìŠ¤íŠœë””ì˜¤ì‹œì› StudioC1,310.0,0.0,0.1,0.3,0.4,0.15,0.05,0.8,0.2,"The script involves discussions about sports teams, players, and travel, which generally attract more male viewers. The channel and video seem to focus on sports or team management, often appealing to those aged 20-40."
DfGpDqHCwks,ì„¸ê³„ì—ì„œ ê°€ì¥ ê¸°ê´´í•œ ìˆ™ì†Œë¥¼ ì°¾ì•„ì„œ - ì˜êµ­(ë),ê³½íŠœë¸Œ,347.0,0.0,0.1,0.5,0.3,0.1,0.0,0.8,0.2,"The channel 'ê³½íŠœë¸Œ' is known for travel vlogs, often attracting a younger audience. This particular video involves travel with a focus on unique experiences and sports, which typically appeal more to males. Thus, the predicted audience skews male and younger."
XJO-5Nodgcs,[ìš°ì£¼ê²½ì°°ë“¤] ë³´ì•½ ì¤‘ë…,ì§¤íˆ°,311.0,0.05,0.4,0.35,0.15,0.05,0.0,0.8,0.2,"The channel 'ì§¤íˆ°' is known for its humorous and animated content, appealing largely to a younger male audience. The comedic and fictional nature of the script, involving 'space police' and 'candy', is likely to attract teenagers and young adults, particularly males."
oCuX7FAmoKw,ì¡¸ê·€íƒ± ë¯¸ì†Œë…€ ìŒë‘¥ì´ ì—¬ë™ìƒì´ ì¹œë‚¨ë§¤ê°€ ì•„ë‹ˆë¼ëŠ” ì‚¬ì‹¤ì„ ë“£ì ë²Œì–´ì§„ ì¼ ã„·ã„·,ë‚˜ë¡±ì´ë„¤,135.0,0.0,0.6,0.35,0.05,0.0,0.0,0.85,0.15,"The video content revolves around anime and fictional scenarios involving siblings, which are popular among teenagers and young adults, especially males. The script suggests themes common in anime that appeal to a younger male audience, hence the skewed gender and age distribution."
1HAaazWfATc,ë¬µì§í•œ 2025ë…„ ì‹ ì‘ ëˆ„ì•„ë¥´,ì–´í¼ì»·Tube,111.0,0.0,0.1,0.3,0.3,0.2,0.1,0.8,0.2,"The content is a crime drama with a noir theme, typically attracting a male audience with an interest in action and crime stories. The age range is diverse, with adults from 20-50 likely to be interested in complex narratives and crime elements."
EGMMFogXZoU,[1í™” ì„ ê³µê°œ] ë³´ë²•ì´ ë‹¤ë¥¸ ë„¤íŒ”84,íƒœê³„ì¼ì£¼ ë² ì´ìŠ¤ìº í”„,218.0,0.0,0.05,0.35,0.4,0.15,0.05,0.85,0.15,"This video falls under the travel and adventure content, which often appeals to men, especially those interested in outdoor activities like trekking. The age distribution suggests a focus on adults in their 20s to 40s, who are more likely to engage in such adventurous lifestyles."
hzZK6Sg5Jkc,í•œíŒë§Œë”..? í•œíŒë§Œë”..? í•œíŒë§Œë”..? í•œíŒë§Œë”..? í•œíŒë§Œë”..? í•œíŒë§Œë”..? í•œíŒë§Œë”..? í•œíŒë§Œë”..?,í˜œì•ˆ,562.0,0.0,0.1,0.6,0.25,0.05,0.0,0.8,0.2,"The channel 'í˜œì•ˆ' is known for gaming content, which typically attracts a predominantly male audience. The game focus in the script suggests interest mainly from 20s and 30s, with a minor interest from teenagers due to gaming culture."
369t6_2DmUM,ì§€ê¸ˆê¹Œì§€ ì‹ ë¼ë©´ì„ ëˆ ì£¼ê³  ì‚¬ë¨¹ì€ ë¶„ë“¤ ë³´ì„¸ìš”!!!!!,íŒŒë¿Œë¦¬,139.0,0.05,0.1,0.4,0.3,0.1,0.05,0.85,0.15,"The channel 'íŒŒë¿Œë¦¬' is known for comedic and experimental cooking content, likely appealing more to a younger male demographic. The DIY ramen concept and playful script suggest a higher interest from those in their 20s and 30s, consistent with typical viewers of similar challenge-based food content."
cHOUjZa52Hk,"""ì—„ë§ˆ ë‚˜ ì‚¬ì‹¤ ê²Œì´ì•¼ ã…"" ì—„ë§ˆë¥¼ ì˜¤ì—´ì‹œí‚¨ ì •ì‹  ë‚˜ê°ˆ ê²ƒ ê°™ì€ ë¹ŒëŸ° ëª¨ìŒì§‘ ë ˆì „ë“œ ã…‹ã…‹ã…‹ã…‹ã…‹",ê¹€ì¤€í‘œ,107.0,0.05,0.6,0.3,0.03,0.01,0.01,0.8,0.2,"The content is comedic and centered around absurd and edgy humor, appealing primarily to teenagers and young adults. It's likely to attract a predominantly male audience due to the irreverent and chaotic style of the script."
Wr6NxEFp6MI,ChatGPTì—ê²Œ ì§€ë¸Œë¦¬ ìŠ¤íƒ€ì¼ ëª»ê·¸ë¦¬ê²Œ í•˜ê¸°,ì¹¨ì°©ë§¨,116.0,0.0,0.1,0.3,0.4,0.15,0.05,0.85,0.15,"The channel 'ì¹¨ì°©ë§¨' is known for its comedic and satirical content, often appealing to a male audience interested in gaming and pop culture. The discussion of AI, technology, and animation in the script suggests a 20s to 40s demographic, with a focus on humor and cultural references."
NwF92y8uuj8,ì™¸ë…¸ìë“¤ì˜ ì¶©ê²©ì ì¸ í•œêµ­ì‚´ì´ ì´ì•¼ê¸° (íƒ€ìŠ¤ë§Œ ì°¨ë°•) - ì–‘ì–‘ (ìƒ),ë…¸ë§ˆë“œì…˜ No mad Shaun,136.0,0.0,0.1,0.6,0.2,0.1,0.0,0.8,0.2,"The content involves travel and camping, typically appealing more to a male audience. The casual and humorous tone suggests a target demographic in their 20s, with some interest from those in their 30s and 40s as well."
kgN0GTo3YI8,ì¶©ê²©! ì „ êµ­ë¯¼ë“¤ë„! ì–´ë¶€ë“¤ë„! ë­”ì§€ ëª¨ë¥´ëŠ” ìš°ë¦¬ë‚˜ë¼ì—ì„œ ê°€ì¥ í° ì´ˆëŒ€í˜• ìƒˆìš° ì§ì ‘ ì¡ì•„ì„œ ë¨¹ì—ˆë”ë‹ˆ ë§›ë³´ê³  ê¹œì§ ë†€ëìŠµë‹ˆë‹¤!,ë§ˆì´ˆTV,115.0,0.0,0.05,0.15,0.25,0.3,0.25,0.9,0.1,"The content focuses on fishing and large shrimp, appealing primarily to male audiences interested in fishing and marine activities. The age distribution likely leans towards adults, especially those in their 30s to 50s, who are more likely to have an interest in or experience with such hobbies."
MDxKYqA_xFM,[ìœ ì‹œë¯¼ë‚šì‹œì•„ì¹´ë°ë¯¸] 47íšŒ ì„ì§ì› ìˆ˜ë ¨íšŒ ë‚šì‹œì—¬í–‰ 3ë°•4ì¼ 2ë¶€ #ìœ ì‹œë¯¼#ìœ ì‹œë¯¼ì‘ê°€#í™©êµìµepi-life #ê°•í”¼ë””#ê·¼ìœ¡ë³‘ì•„ë¦¬#íë§#ë‚šì‹œ#ë¨¹ë°©#ë§›ì§‘#ì—¬í–‰#ë¶•ì–´#ë‚šì‹œ#ì§„ë„#ì¶”ìë„,ìœ ì‹œë¯¼ë‚šì‹œì•„ì¹´ë°ë¯¸,142.0,0.0,0.05,0.1,0.3,0.35,0.2,0.9,0.1,"The channel focuses on fishing, a hobby typically preferred by males. The content seems to cater more to mature audiences, likely in their 30s to 50s, who might have the time and interest in fishing trips and related activities."
m2A4S0-twF0,ìœ íŠœë²„ 10ëª…ì˜ ì •ì‹ ì—†ëŠ” ëŒ€ì „ ë¸Œì´ë¡œê·¸,í–‰í¬,147.0,0.0,0.5,0.4,0.1,0.0,0.0,0.8,0.2,"The content is centered around a chaotic group travel vlog with humor and game elements, appealing mostly to younger audiences like teenagers and young adults. The male-centric humor and focus on group activities suggest a predominantly male audience."
dme1w7mjav8,ë¶ˆê½ƒì•¼êµ¬(Burn to Win) Ep.2 | Studio C1,ìŠ¤íŠœë””ì˜¤ì‹œì› StudioC1,1159.0,0.05,0.1,0.25,0.4,0.15,0.05,0.85,0.15,"The video is related to baseball, a sport with a predominantly male audience. The content appears to focus on amateur and ex-professional baseball players, which likely appeals more to viewers in their 30s and 40s, who might have an interest in sports and player stories."
R2Wz8LYzyHg,ë‚œí­ ìš´ì „ ì°¸êµìœ¡ [ë³‘ë§›ë”ë¹™/ì‚¬ì´ë‹¤íˆ°/ì°¸êµìœ¡],ëšœì‹ì´,133.0,0.05,0.15,0.4,0.25,0.1,0.05,0.85,0.15,"The channel 'ëšœì‹ì´' is known for humorous and satirical animations, attracting a younger audience, primarily in their teens to 30s. The content's focus on reckless driving and comedic tone appeals more to a male audience."
